<?xml version="1.0" encoding="utf-8"?>
<!-- Copyright (C) 2007 The Android Open Source Project

     Licensed under the Apache License, Version 2.0 (the "License");
     you may not use this file except in compliance with the License.
     You may obtain a copy of the License at
  
          http://www.apache.org/licenses/LICENSE-2.0
  
     Unless required by applicable law or agreed to in writing, software
     distributed under the License is distributed on an "AS IS" BASIS,
     WITHOUT WARRANTIES OR CONDITIONS OF ANY KIND, either express or implied.
     See the License for the specific language governing permissions and
     limitations under the License.
-->

<resources>
  <string name="mode_ready">Snake\nPress Up Or Volume Up To Play.\n\nUse The Arrow Or Volume Keys To Control The Snake.</string>
  <string name="mode_pause">Paused\nPress Up Or Volume Up To Resume.\n\nUse The Arrow Or Volume Keys To Control The Snake.</string>
  <string name="mode_lose_prefix">Game Over\nScore: </string>
  <string name="mode_lose_suffix">\nPress Up or Touch To Play</string>

    <string name="snake_layout_text_text"></string>
</resources>
